email,phone,fname,lastn,size
fworkneh.1,3015982196,Frazer,workneh,11
fworkneh.2,3015982197,Frazer,workneh,11
fworkneh.3,3015982198,Frazer,workneh,11
fworkneh.4,3015982199,Frazer,workneh,11
fworkneh.5,3015982200,Frazer,workneh,11
fworkneh.6,3015982201,Frazer,workneh,11
fworkneh.7,3015982202,Frazer,workneh,11
fworkneh.8,3015982203,Frazer,workneh,11
fworkneh.9,3015982204,Frazer,workneh,11
fworkneh.10,3015982205,Frazer,workneh,11
fworkneh.11,3015982206,Frazer,workneh,11
fworkneh.12,3015982207,Frazer,workneh,11
fworkneh.13,3015982208,Frazer,workneh,11
fworkneh.14,3015982209,Frazer,workneh,11
fworkneh.15,3015982210,Frazer,workneh,11
fworkneh.16,3015982211,Frazer,workneh,11
fworkneh.17,3015982212,Frazer,workneh,11
fworkneh.18,3015982213,Frazer,workneh,11
fworkneh.19,3015982214,Frazer,workneh,11
fworkneh.20,3015982215,Frazer,workneh,11
fworkneh.21,3015982216,Frazer,workneh,11
fworkneh.22,3015982217,Frazer,workneh,11
fworkneh.23,3015982218,Frazer,workneh,11
fworkneh.24,3015982219,Frazer,workneh,11
